name,email,mobile,address
joli Wonderland7,joli243.wonder@example.com,+1-555-0134,123 Rabbit Hole Lane Fantasy City FC 12345
joli Wonderland6,joli244.wonder@example.com,+1-555-0124,123 Rabbit Hole Lane Fantasy City FC 12345
joli Wonderland5,joli242.wonder@example.com,+1-555-0114,123 Rabbit Hole Lane Fantasy City FC 12345
Naida Sargent,,,Dicta est illum ip
Lane Roman,,57,Voluptatem voluptate
Serena Woodard,rycohide@mailinator.com,,Sed impedit quam in
dddddd,,,ddd
Stephen Pennington,nolupa@mailinator.com,595,Praesentium reiciend
Lars Blake,qeqim@mailinator.com,957,Ullam excepturi expl
Kerry Buchanan,gami@mailinator.com,904,Est quas tenetur fu
Quinn Norman,vevo@mailinator.com,766,Possimus id laborio
Wade Salas,guqezy@mailinator.com,677,Aliquip voluptatibus
Yasir Leach,nelev@mailinator.com,208,Consectetur mollit o
Mr John,testttt@mail.com,3033434456,345
